2022-05-22 11:21:24+00:00,"b'RT @HRodita: Kuliner Berkaho Desa Pungpungan Bojonegoro\nhttps://t.co/2DPRd7VpW6\n#DesaWisataNusantara\n#TPPJawaTimur,\n#TPPTrenggalek \n@jokowi\xe2\x80\xa6'",Dhodho
2022-05-22 10:40:50+00:00,"b'Mumpung masih dalam momen Lebaran, Mbak Puan pun merekomendasikan kuliner nusantara favoritnya kepada masyarakat. https://t.co/sGsjJgTDLx'",Irwan
2022-05-22 10:16:25+00:00,"b'Kaledo (kaki Lembu Donggala).\nMakanan khas dari Tengah Sulawesi.\nNambah kaya khasanah kuliner Nusantara.\nIni KEARIFAN LOKAL yg layak di lestarikan &amp; dikembangkan, bukan bangga dgn makanan junk food ala eropa-ame rika. https://t.co/NQfFQQH3Gd'",wadipress_K-Good Gov
2022-05-22 08:45:05+00:00,"b'RT @MoveOnCoffe: Hallo Sobat ""\nPecinta Biji Kopi &amp; Selera Nusantara\nOpen\xc2\xa0\xc2\xa0 : 10.00 - 21.00 Wib\nClouse : Selasa\nDengan pembelian Minimal Rp.\xe2\x80\xa6'",99% Move On Coffe
2022-05-22 08:09:07+00:00,"b'Kuliner Arab merupakan bagian dari akulturasi budaya Arab-Indonesia\nSeperti halnya kuliner cina yang mempengaruhi kuliner nusantara,'",Abi Branding
2022-05-22 07:24:37+00:00,b'Nikmati Olahan durian khas nusantara. Atau Anda Ingin Berinvestasi di manajemen kami. Hubungi Duren Nusantara Management : 083804038197 #Kuliner #RajoDurian',Rajo Durian
2022-05-22 05:18:28+00:00,b'@yesseujee @HidTham18 @Soobatreceh @AndrianDefri putra mahkota tahta kuliner nusantara mah mah beda',hana
2022-05-22 04:10:35+00:00,"b'RT @trans7club: Setibanya di Jakarta, para member NCT Dream cicipi masakan khas Nusantara, seperti sate ayam, soto, nasi goreng hingga pisa\xe2\x80\xa6'",‰ªÆÈù¢„É©„Ç§„ÉÄ„ÉºIkkyuU
2022-05-22 04:06:28+00:00,"b'RT @trans7club: Setibanya di Jakarta, para member NCT Dream cicipi masakan khas Nusantara, seperti sate ayam, soto, nasi goreng hingga pisa\xe2\x80\xa6'",TRANS7
2022-05-22 04:06:12+00:00,"b'Setibanya di Jakarta, para member NCT Dream cicipi masakan khas Nusantara, seperti sate ayam, soto, nasi goreng hingga pisang goreng. Mereka pun tak lupa menyicip buah-buahan ala Indonesia. \n\nBaca selengkapnya klik https://t.co/PYvgC2lWRk\n\n#trans7update #sobat7jaditau https://t.co/25wPF0tDp0'",TRANS7 CLUB
2022-05-22 02:26:20+00:00,"b'Sebelum jelajah ke negara lain, kayaknya seru ga sih kalo konten kuliner viden setelah di spore sama malay ni mereka jelajah kuliner nusantara dulu? Tapi yg di jelajah itu kuliner2 hidden gem gitu bukan kuliner yg emg udah ditauin sama orang banyak'",Key {Jual App Premium}
2022-05-22 02:09:37+00:00,"b'Rumah Indonesia, Tempat Promosi Wisata dan Cicip Kuliner Nusantara di Prancis https://t.co/jhxwpBl9va #TempoTravel'",TEMPO.CO
2022-05-22 01:46:17+00:00,"b'Rumah Indonesia, Tempat Promosi Wisata dan Cicip Kuliner Nusantara di Prancis https://t.co/lwgtpqdzXk'",MSNIndonesia
2022-05-21 16:54:35+00:00,b'Nikmati Olahan durian khas nusantara. Atau Anda Ingin Berinvestasi di manajemen kami. Hubungi Duren Nusantara Management : 083804038197 #Kuliner #RajoDurian',Rajo Durian
2022-05-21 15:27:02+00:00,"b'Mumpung masih dalam momen Lebaran, Mbak Puan pun merekomendasikan kuliner nusantara favoritnya kepada masyarakat. https://t.co/nettRvtHsA Puan Peduli Melayani'",beny
2022-05-21 15:26:47+00:00,b'Ada sejumlah kuliner nusantara favoritnya Mbak Puan Maharani. Mungkin Anda sudah pernah mencoba. https://t.co/FPSJBEuolV Puan Peduli Melayani',beny
2022-05-21 15:17:35+00:00,"b'Mumpung masih dalam momen Lebaran, Mbak Puan pun merekomendasikan kuliner nusantara favoritnya kepada masyarakat. https://t.co/p6aYSf83Kp Puan Peduli Melayani'",Chiro
2022-05-21 15:17:08+00:00,b'Ada sejumlah kuliner nusantara favoritnya Mbak Puan Maharani. Mungkin Anda sudah pernah mencoba. https://t.co/ycTe4k2ARq Puan Peduli Melayani',Chiro
2022-05-21 14:11:13+00:00,"b'Mumpung masih dalam momen Lebaran, Mbak Puan pun merekomendasikan kuliner nusantara favoritnya kepada masyarakat. https://t.co/ZPExHVZLK9 Puan Peduli Melayani'",Nikii
2022-05-21 14:11:01+00:00,b'Ada sejumlah kuliner nusantara favoritnya Mbak Puan Maharani. Mungkin Anda sudah pernah mencoba. https://t.co/FGiuQENfdV Puan Peduli Melayani',Nikii
2022-05-21 14:05:38+00:00,"b""@manamezoe Senang banget lihat sang legend, Ari Lasso kembali tampil setelah sekian lama vakum karena sakit. Ngefans bgt sejak dia masih vokalis di Dewa 19 sampai menjadi penyanyi Solo.\n\nDitunggu juga konten dr Ari Lasso TV ttg kuliner Nusantara, masakan raja-raja+ konten Suroboyo'an. Hehe.""",Fikri Hadi
2022-05-21 14:03:04+00:00,"b'Mumpung masih dalam momen Lebaran, Mbak Puan pun merekomendasikan kuliner nusantara favoritnya kepada masyarakat. https://t.co/V1DDQIojHG Puan Peduli Melayani'",Soni
2022-05-21 14:02:13+00:00,b'Ada sejumlah kuliner nusantara favoritnya Mbak Puan Maharani. Mungkin Anda sudah pernah mencoba. https://t.co/wCPdM7c0iH Puan Peduli Melayani',Soni
2022-05-21 13:02:32+00:00,"b'Mendag konsisten jadi orang kepercayaan masyarakat, ikut AEM special meeting, dan suguhkan kuliner nusantara untuk menteri ASEAN #DukungMendagLutfi https://t.co/8iGRlYuPfz'",NarissaCellia
2022-05-21 12:17:45+00:00,"b'Mumpung masih dalam momen Lebaran, Mbak Puan pun merekomendasikan kuliner nusantara favoritnya kepada masyarakat. https://t.co/yjb5cQJmiP Puan Peduli Melayani'",uey jajahng
2022-05-21 12:17:36+00:00,b'Ada sejumlah kuliner nusantara favoritnya Mbak Puan Maharani. Mungkin Anda sudah pernah mencoba. https://t.co/sfP6ii3HUr Puan Peduli Melayani',uey jajahng
2022-05-21 12:09:07+00:00,"b'Kuliner Arab merupakan bagian dari akulturasi budaya Arab-Indonesia\nSeperti halnya kuliner cina yang mempengaruhi kuliner nusantara,'",Abi Branding
2022-05-21 12:01:30+00:00,"b'Mendag konsisten jadi orang kepercayaan masyarakat, ikut AEM special meeting, dan suguhkan kuliner nusantara untuk menteri ASEAN #DukungMendagLutfi https://t.co/jPDMnwtSGs'",WidyaAluna
2022-05-21 12:01:10+00:00,"b'Mendag konsisten jadi orang kepercayaan masyarakat, ikut AEM special meeting, dan suguhkan kuliner nusantara untuk menteri ASEAN #DukungMendagLutfi https://t.co/E91ZRlOAD7'",Aisha Fredellia
2022-05-21 11:11:06+00:00,b'sumpah kalo drimis ke sarinah kayanya seru juga deh kan disitu ada sejarah mall nya sm baru buka kuliner nusantara nya jg aaaa pasti mereka bakal sukaaa tp pasti bakal ruame bangat wkwkwkw',belle
2022-05-21 11:08:36+00:00,"b'RT @PantasPangarib: Jelajahi Aksi Seru di Aplikasi Desa Wisata Nusantara dengan Wisata Alam, Kuliner, Agrowisata, Religi, Pantai, Gunung ya\xe2\x80\xa6'",Anis Tukan
2022-05-21 09:26:30+00:00,"b'Mumpung masih dalam momen Lebaran, Mbak Puan pun merekomendasikan kuliner nusantara favoritnya kepada masyarakat. https://t.co/lj9NqVMvzw Puan Peduli Melayani'",Anwar
2022-05-21 09:25:54+00:00,b'Ada sejumlah kuliner nusantara favoritnya Mbak Puan Maharani. Mungkin Anda sudah pernah mencoba. https://t.co/p4YQbkNAoB Puan Peduli Melayani',Anwar
2022-05-21 09:13:40+00:00,"b'Yuks berwisata kuliner ke desa Banjar Suri, Sidomulyo-LamSel\nLezat nyo.. \n#DesaWisataNusantara\n@halimiskandarnu \n@taufikmadjid71 \n@malik_haramain \n@fachrilabalado \n@kemendespdtt \n@cik_mashuri \n@reka_putra\n@Ibnuwalidin_lpg\n@EdyBerdesa\n\nhttps://t.co/0XUztJcisq https://t.co/rhQBY6ncp6'",Atun Hermawati
2022-05-21 08:59:54+00:00,"b'Noodle Lovers, buat kamu pecinta kuliner nusantara, wajib banget cobain Mi Lontong Kikil Surabaya satu ini \xf0\x9f\x98\x8d Eits, nggak perlu ke Surabaya, kamu bisa banget bikin sendiri di rumah! \xf0\x9f\x98\x83 Yuk, catat resepnya berikut! :D https://t.co/OD2pAgoayh'",Mi Burung Dara
2022-05-21 07:19:18+00:00,"b'Dalam Acara AEM Special Meeting, Mendag Lutfi suguhkan kuliner Nusantara kepada menteri-menteri Negara ASEAN. #DukungMendagLutfi https://t.co/MmLZPLpp6z'",Aloysius Wenhua
2022-05-21 06:14:24+00:00,"b'Mendag konsisten jadi orang kepercayaan masyarakat, ikut AEM special meeting, dan suguhkan kuliner nusantara untuk menteri ASEAN #DukungMendagLutfi https://t.co/ooyTUlRjXU'",ChavaAdella
2022-05-21 06:11:34+00:00,b'Ubud Food Festival (UFF) kali ini akan berlangsung dari 24-26 Juni 2022. #kumparanFOOD https://t.co/vz3eURNRH3',kumparan
2022-05-21 04:06:39+00:00,"b'RT @PantasPangarib: Jelajahi Aksi Seru di Aplikasi Desa Wisata Nusantara dengan Wisata Alam, Kuliner, Agrowisata, Religi, Pantai, Gunung ya\xe2\x80\xa6'",M. Indra Jaya
2022-05-21 02:57:19+00:00,"b'RT @PantasPangarib: Jelajahi Aksi Seru di Aplikasi Desa Wisata Nusantara dengan Wisata Alam, Kuliner, Agrowisata, Religi, Pantai, Gunung ya\xe2\x80\xa6'",Bambang W
2022-05-21 02:52:48+00:00,"b'Jelajahi Aksi Seru di Aplikasi Desa Wisata Nusantara dengan Wisata Alam, Kuliner, Agrowisata, Religi, Pantai, Gunung yang dikelola BUMDesa\n\n1.https://t.co/9XGPgwOMdL\n2.https://t.co/42O0E2h0Qd\n3.https://t.co/meoIJ4uiiO\n4.https://t.co/gku7rQIamW\n5.https://t.co/cuik0fAE6s https://t.co/ISdoLiOPDx'",Pantas Pangaribuan
2022-05-21 02:24:36+00:00,b'Nikmati Olahan durian khas nusantara. Atau Anda Ingin Berinvestasi di manajemen kami. Hubungi Duren Nusantara Management : 083804038197 #Kuliner #RajoDurian',Rajo Durian
2022-05-21 01:37:41+00:00,"b'Mrngenal Pusat Kuliner di Desa Prayungan Bojonegoro\nPujasera Ndayon\n#DesaWisataNusantar\nHai, Aku membagikan wisata dari aplikasi Desa Wisata Nusantara\nhttps://t.co/bvdcfKlqf0'",Djunaedy
2022-05-21 01:25:53+00:00,"b'RT @HRodita: Kuliner Berkaho Desa Pungpungan Bojonegoro\nhttps://t.co/2DPRd7VpW6\n#DesaWisataNusantara\n#TPPJawaTimur,\n#TPPTrenggalek \n@jokowi\xe2\x80\xa6'","Sulistyo,SH"
2022-05-21 00:35:42+00:00,b'@JDid Bangga akan Indonesia karena banyak kuliner nusantara yang enak-enak. \n@candramaya16\n@legislatif_16\n#JDBangkit',ltfnggtprwn
2022-05-21 00:35:30+00:00,b'@JDid Bangga akan Indonesia karena banyak kuliner nusantara yang enak-enak. \n@tifang_\n@candramaya16\n#JDBangkit',ltfnggtprwn
2022-05-21 00:35:12+00:00,b'@JDid Bangga akan Indonesia karena banyak kuliner nusantara yang enak-enak. \n@candramaya16\n@priawan16\n#JDBangkit',ltfnggtprwn
2022-05-21 00:19:02+00:00,"b'Kuliner Berkaho Desa Pungpungan Bojonegoro\nhttps://t.co/2DPRd7VpW6\n#DesaWisataNusantara\n#TPPJawaTimur,\n#TPPTrenggalek \n@jokowi\n@halimiskandarnu\n@Ari_Asharie\n@Mift4hulMunir\n@GosBrodhen_73\n@cak_furi1\n@maulanakpw\n@kpw4jatim\n@TriAnd0ko\n@hendrijos69\n@shofamubarok1 \n@MuhamadIswahyu8 https://t.co/lN2SZrdh9b'",Henrigo Rodita
2022-05-21 00:09:06+00:00,"b'Kuliner Arab merupakan bagian dari akulturasi budaya Arab-Indonesia\nSeperti halnya kuliner cina yang mempengaruhi kuliner nusantara,'",Abi Branding
2022-05-21 00:07:33+00:00,"b'RT @MuhamadIswahyu8: Wisata Kuliner ""Mbalong Kawuk"" Desa Sumberejo Kulon Tulungagung\nhttps://t.co/2OoQhbY0jn\n#DesaWisataNusantara\n#TPPJawaT\xe2\x80\xa6'","Sulistyo,SH"
2022-05-20 23:21:40+00:00,b'Akhir Pekan di #Bandara #Soetta #Airport #cgk #Terminal3 #T3 #SoekarnoHatta #INFO #Penerbangan #Indonesia #Penumpang #Pesawat #Terbang #Domestik #Citilink #Garuda #BetterFlyCitilink #BecauseYouMatter #Kopi #Makanan #Kuliner #Nusantara #Boarding #Lounge #AP2Friends #SobatCGK #SiSi https://t.co/5Swp4ILK1i',mansyur hanafi
2022-05-20 23:06:27+00:00,"b'Wisata Kuliner ""Mbalong Kawuk"" Desa Sumberejo Kulon Tulungagung\nhttps://t.co/OsbvKCF3MZ\n#DesaWisataNusantara\n#TPPJawaTimur\n#TPPTrenggalek \n@jokowi\n@halimiskandarnu\n@ari_ashari10\n@oedin_m_adnan\n@cak_furi01\n@tri_and0ko\n@shofamubarok\n@m_iswahyudy https://t.co/LGSO2pKKpT'",Purwanto
2022-05-20 13:50:40+00:00,"b'@JDid Indonesia adalah surganya kuliner enak, karena kelezatannya sudah bukan menjadi rahasia umum bahkan menduduki peringkat dunia seperti rendang, sate, nasi goreng dll, perpaduan rempah yang pas menyatu di setiap hidangan khas Nusantara @elmiatoen007 @markopop_69 #JDBangkit'",TokiToki
2022-05-20 13:28:15+00:00,b'Ada sejumlah kuliner nusantara favoritnya Mbak Puan Maharani. Mungkin Anda sudah pernah mencoba. https://t.co/ncgdItRMQk Puan PM Puan Melayani Indonesia',JuliaAlianda
2022-05-20 12:08:48+00:00,b'@akuaynkpaji ouh sepertinya aku harus membeli indomie kuliner nusantara',„Éºùêúùê¢ùêö üé∏
2022-05-20 12:07:16+00:00,"b'Nanti nct dream bikin konten berburu makanan nusantara. Kalo kemaren membatik, sekarang berburu kuliner nusantara, tapi di 1 resto doang \xf0\x9f\x99\x83'",blast it up to the sky
2022-05-20 11:50:18+00:00,"b'Mumpung masih dalam momen Lebaran, Mbak Puan pun merekomendasikan kuliner nusantara favoritnya kepada masyarakat. https://t.co/AyYLd0kEco #HarapanPerempuan Puan Peduli Melayani'",Ibnu musa
2022-05-20 11:49:33+00:00,b'Ada sejumlah kuliner nusantara favoritnya Mbak Puan Maharani. Mungkin Anda sudah pernah mencoba. https://t.co/4Ger6WDWAy #HarapanPerempuan Puan Peduli Melayani',beni_chaeri
2022-05-20 11:09:23+00:00,"b'Mumpung masih dalam momen Lebaran, Mbak Puan pun merekomendasikan kuliner nusantara favoritnya kepada masyarakat. https://t.co/qmqbwxIGfQ Puan PM'",Mondiii
2022-05-20 11:09:11+00:00,b'Ada sejumlah kuliner nusantara favoritnya Mbak Puan Maharani. Mungkin Anda sudah pernah mencoba. https://t.co/4UjblcK8oo Puan PM',Mondiii
2022-05-20 10:39:55+00:00,"b'Mumpung masih dalam momen Lebaran, Mbak Puan pun merekomendasikan kuliner nusantara favoritnya kepada masyarakat. https://t.co/JYMa5fiYmR Puan PM'",saif arman
2022-05-20 10:39:46+00:00,b'Ada sejumlah kuliner nusantara favoritnya Mbak Puan Maharani. Mungkin Anda sudah pernah mencoba. https://t.co/I9kP6Dtp2o Puan PM',saif arman
2022-05-20 10:24:35+00:00,b'Nikmati Olahan durian khas nusantara. Atau Anda Ingin Berinvestasi di manajemen kami. Hubungi Duren Nusantara Management : 083804038197 #Kuliner #RajoDurian',Rajo Durian
2022-05-20 09:00:02+00:00,"b'Kuliner magelangan, terdiri dari nasi dan mie yang diolah menjadi satu miliki rasa gurih dan nikmat. Kuliner ini diolah dengan bumbu racikan khas Magelangan. HEL\n\n#GTVNews #Magelangan #Kuliner #Nusantara #Mie #Nasi https://t.co/aKViIm6ipR'",GTV Indonesia News
2022-05-20 08:53:42+00:00,"b'Mumpung masih dalam momen Lebaran, Mbak Puan pun merekomendasikan kuliner nusantara favoritnya kepada masyarakat. https://t.co/5J0FfSVZgB Puan PM'",Aji Setiaji
2022-05-20 08:53:26+00:00,b'Ada sejumlah kuliner nusantara favoritnya Mbak Puan Maharani. Mungkin Anda sudah pernah mencoba. https://t.co/xqzOwJc6Ci Puan PM',Aji Setiaji
2022-05-20 07:13:24+00:00,"b'Makin aneh kuliner nusantara ada bubur goreng, es krim goreng, coba sebutkan apa yg gak di goreng?'",tomyamgoong
2022-05-20 06:46:38+00:00,"b'Mumpung masih dalam momen Lebaran, Mbak Puan pun merekomendasikan kuliner nusantara favoritnya kepada masyarakat. https://t.co/dSnavfoAg9 Puan PM'",Bintang
2022-05-20 06:46:25+00:00,b'Ada sejumlah kuliner nusantara favoritnya Mbak Puan Maharani. Mungkin Anda sudah pernah mencoba. https://t.co/X6W3SG5aeW Puan PM',Bintang
2022-05-20 06:03:28+00:00,"b'@JDid Indonesia, Bangga akan keanekaragaman kuliner Nusantara yang enak enak dan tentunya beberapa sudah diakui dunia \xf0\x9f\x94\xa5 \n\nYuk ikutan Guys \n\n@Anprimoko \n@FransiskaCind10 \n\n#JDBangkit'",A.P
2022-05-20 05:54:47+00:00,"b'RT @MuhamadIswahyu8: Wisata Kuliner ""Mbalong Kawuk"" Desa Sumberejo Kulon Tulungagung\nhttps://t.co/2OoQhbY0jn\n#DesaWisataNusantara\n#TPPJawaT\xe2\x80\xa6'",hanung waelah
2022-05-20 04:09:06+00:00,"b'Kuliner Arab merupakan bagian dari akulturasi budaya Arab-Indonesia\nSeperti halnya kuliner cina yang mempengaruhi kuliner nusantara,'",Abi Branding
2022-05-20 01:41:44+00:00,"b'Wisata Kuliner ""Mbalong Kawuk"" Desa Sumberejo Kulon Tulungagung\nhttps://t.co/FJFQJGoUXg\n#DesaWisataNusantara\n#TPPJawaTimur\n#TPPTrenggalek\n@jokowi\n@halimiskandarnu\n@Ari_Asharie\n@MKpw4\n@kpw4jatim\n@GosBrodhen_73\n@cak_furi1\n@hendrijos69\n@TriAnd0ko\n@shofamubarok1\n@iswahyudy_m https://t.co/7HWNb7ppBC'",hanung waelah
2022-05-20 01:37:21+00:00,"b'RT @MuhamadIswahyu8: Wisata Kuliner ""Mbalong Kawuk"" Desa Sumberejo Kulon Tulungagung\nhttps://t.co/2OoQhbY0jn\n#DesaWisataNusantara\n#TPPJawaT\xe2\x80\xa6'",hanung waelah
2022-05-20 00:26:58+00:00,"b'Wisata Kuliner ""Mbalong Kawuk"" Desa Sumberejo Kulon Tulungagung\nhttps://t.co/2OoQhbY0jn\n#DesaWisataNusantara\n#TPPJawaTimur,\n#TPPTrenggalek \n@jokowi\n@halimiskandarnu\n@Ari_Asharie\n@Mift4hulMunir\n@GosBrodhen_73\n@cak_furi1\n@maulanakpw\n@kpw4jatim\n@TriAnd0ko\n@hendrijos69\n@shofamubarok1 https://t.co/Oqf8Cl0m7g'",Muhamad Iswahyudy
2022-05-20 00:25:53+00:00,"b'Wisata Kuliner ""Mbalong Kawuk"" Desa Sumberejo Kulon Tulungagung\nhttps://t.co/2OoQhbY0jn\n#DesaWisataNusantara\n#TPPJawaTimur\n#TPPTrenggalek \n@jokowi\n@halimiskandarnu\n@ari_ashari10\n@oedin_m_adnan\n@cak_furi01\n@tri_and0ko\n@shofamubarok\n@m_iswahyudy https://t.co/lQWjFROCSj'",Muhamad Iswahyudy
2022-05-20 00:22:27+00:00,"b'RT @HRodita: Wisata Kuliner ""Mbalong Kawuk"" Desa Sumberejo Kulon Tulungagung\nhttps://t.co/eSG96X06s0\n#DesaWisataNusantara\n#TPPJawaTimur,\n#T\xe2\x80\xa6'","Sulistyo,SH"
2022-05-20 00:14:39+00:00,"b'Wisata Kuliner ""Mbalong Kawuk"" Desa Sumberejo Kulon Tulungagung\nhttps://t.co/eSG96X06s0\n#DesaWisataNusantara\n#TPPJawaTimur,\n#TPPTrenggalek \n@jokowi\n@halimiskandarnu\n@Ari_Asharie\n@Mift4hulMunir\n@GosBrodhen_73\n@cak_furi1\n@maulanakpw\n@kpw4jatim\n@TriAnd0ko\n@hendrijos69\n@shofamubarok1 https://t.co/DAlsNpOWJn'",Henrigo Rodita
2022-05-19 23:33:45+00:00,b'Jumat Selamat #bandara #soekarnohatta #soetta #airport #cgk #indonesia #Terminal #Tiga #T3 #INFO #Penerbangan #Indonesia #Penumpang #Pesawat #Terbang #Domestik #Citilink #GarudaIndonesia #BetterFlyCitilink #BecauseYouMatter #Kopi #Makanan #Kuliner #Nusantara #Boarding #lounge https://t.co/5sax4TMd88',mansyur hanafi
2022-05-19 22:38:47+00:00,"b'Mumpung masih dalam momen Lebaran, Mbak Puan pun merekomendasikan kuliner nusantara favoritnya kepada masyarakat. https://t.co/4GR7lH5cdR Puan PM Puan Melayani Indonesia'",cici sacici
2022-05-19 22:38:21+00:00,b'Ada sejumlah kuliner nusantara favoritnya Mbak Puan Maharani. Mungkin Anda sudah pernah mencoba. https://t.co/IUOcN4IWro Puan PM Puan Melayani Indonesia',cici sacici
2022-05-19 17:03:54+00:00,"b'Saran gue sih,, kalau liburan di Indonesia aja.. \n\nBanyak yg indah2 koq, ya budaya, ya panorama, kuliner apalagi masyarakatnya. Sekalian memicu pertumbuhan ekonomi bangsa gitu.. Semoga @Kemenparekraf  lbh kreatif lagi promosikan wisata Nusantara..'",üá≤üá® Partungkoan Bius üáÆüá©
2022-05-19 15:04:20+00:00,b'Jaemin kek seneng bgt dpt kuliner nusantara',üÑºüÑ∏üÑªüÑªüÑ∞üçµ~üê¨
2022-05-19 14:39:23+00:00,"b'Na Jaemin mau jd food vloger yaaa, yuk bisa yuk naaa ditemenin motret kuliner nusantara \xf0\x9f\x98\xad\xf0\x9f\x91\x8d https://t.co/guPqzgnCC2'",nananayeyeye~Ó®Ä
2022-05-19 14:38:47+00:00,"b'Mumpung masih dalam momen Lebaran, Mbak Puan pun merekomendasikan kuliner nusantara favoritnya kepada masyarakat. https://t.co/zT1Dc8Mm01 Puan PM Puan Melayani Indonesia'",Dicky
2022-05-19 14:38:33+00:00,b'Ada sejumlah kuliner nusantara favoritnya Mbak Puan Maharani. Mungkin Anda sudah pernah mencoba. https://t.co/H7wPNcF539 Puan PM Puan Melayani Indonesia',Dicky
2022-05-19 14:24:39+00:00,"b'@starfess Judul kontennya ntar jadi \n""WOW! IDOL KOREA COBAIN KULINER NUSANTARA! \xf0\x9f\x98\xb1""'",ùïóùïöùï• üåø
2022-05-19 14:16:35+00:00,b'@hbdsangah kuliner nusantara sponsored by santanku',man.
2022-05-19 14:03:19+00:00,"b'Mumpung masih dalam momen Lebaran, Mbak Puan pun merekomendasikan kuliner nusantara favoritnya kepada masyarakat. https://t.co/TDgDvwUp3p Puan PM Puan Melayani Indonesia'",JuliaAlianda
2022-05-19 14:03:04+00:00,b'Ada sejumlah kuliner nusantara favoritnya Mbak Puan Maharani. Mungkin Anda sudah pernah mencoba. https://t.co/ncgdItRMQk Puan PM Puan Melayani Indonesia',JuliaAlianda
2022-05-19 13:58:41+00:00,"b'Membahas kuliner Nusantara, #SobatKreatif akan diperkenalkan dengan berbagai macam kuliner mulai dari Sabang sampai Merauke. Contohnya Berego, kuliner khas dari Belitung. https://t.co/iXyPTlx8mX'",Karya Kreatif Indonesia
2022-05-19 13:54:38+00:00,b'Nikmati Olahan durian khas nusantara. Atau Anda Ingin Berinvestasi di manajemen kami. Hubungi Duren Nusantara Management : 083804038197 #Kuliner #RajoDurian',Rajo Durian
2022-05-19 13:26:56+00:00,"b'Mumpung masih dalam momen Lebaran, Mbak Puan pun merekomendasikan kuliner nusantara favoritnya kepada masyarakat. https://t.co/9wMHOoMH0F Puan PM Puan Melayani Indonesia'",SusiSusanti
2022-05-19 13:26:43+00:00,b'Ada sejumlah kuliner nusantara favoritnya Mbak Puan Maharani. Mungkin Anda sudah pernah mencoba. https://t.co/JRF0asIbc7 Puan PM Puan Melayani Indonesia',SusiSusanti
2022-05-19 12:25:34+00:00,b'@petalcheolhan Wkwwkk belajar kuliner nusantara \xf0\x9f\x98\x84',Ïõêñß∑Ìôã
2022-05-19 11:21:50+00:00,b'Kuliner Indonesia di Desa Wisata Nusantara\n#DesaWisataNusantara\n@halimiskandarnu\n@taufikmadjid71\n@fachrilabalado\n@yusradaridesa\n@tppkemendes\nhttps://t.co/m8FGwFmxBZ',Said Banteng
