2022-07-25 12:53:57+00:00,Iqra Malik,b'RT @ankitalovely086: 2019 pe ittefaq se mile dono Airport pe... Ek tiktok kiya Jannat ki Mummy ki kehne pe... Woh pure Social media pe vira\xe2\x80\xa6'
2022-07-25 12:53:39+00:00,Rakyat Banting Tulang,"b'RT @abu_waras: Viral!, Ini Pernyataan Kris Peeters Tentang Anies, dan Bukan Pernyataan Denny Siregar.'"
2022-07-25 12:53:30+00:00,Mahasiswi Viral Indo,b'Skandal Vidio viral sepongin pcr di dpn tmnyh\n@Viralxxx7 \nFull Vidionya ad di komentar\n\n#SANGE_AAAAAAAAAAH \n#vcs \n#instagramdown \n#chika20jt \n#TikTok https://t.co/0CnFsLcCuR https://t.co/oXdcyhuR0n'
2022-07-25 12:53:20+00:00,WJ,"b'(2) berhubungan dengan CFW, dan menggunakan bonge atau jeje,atau siapa yang viral itu untuk jadi BA nya. dan gua liat melalui postingan #baimwong yess semoga dia bikin tempat untuk #CFW ,tempat yang luas dengan konsep seperti jalanan jepang/korea/lokal?'"
2022-07-25 12:53:16+00:00,Ganyang Oligarki,"b'RT @AndiSinulingga: Proyek kebanggaan pak Jokowi ini ambruk. Proyek yg menguras APBN, proyek yg dulunya dijanjikan pak Jokowi dibangun tanp\xe2\x80\xa6'"
2022-07-25 12:53:10+00:00,Edi Junaidi,"b'RT @celebdotid: Ketika yang lain melenggang elok di Citayam Fashion Week, Cinta Laura pungut sampah yang berserakan\n\n#CelebritiesDotId #Inf\xe2\x80\xa6'"
2022-07-25 12:53:05+00:00,LUTHFIA QURANI S,"b'RT @mas_kenang69: @Widino Jadi ga seru lagi deh, udh ilang esensinya CFW.. Knp si ga pada nyari tempat sendiri, giliran udh viral aja pada\xe2\x80\xa6'"
2022-07-25 12:53:03+00:00,Ø¬Ù„ Ø¬ÙˆÙ†,b'RT @BenakCourtney: bokep indo viral abg mesum sma smp ngentot ngentdfot\n\nCantik Sange Remas Toket Sendiri'
2022-07-25 12:53:03+00:00,Mau Heran Tapi K-POPERS,b'ndelok lanangan amfibi ngene ki marai merinding mbuh ngopo..\n\ntapi viral..\n\nsekalipun ra peduli sih.. cuma nek sliweran ng TL bulu kuduk munggah.. https://t.co/0ZakqshsVE'
2022-07-25 12:52:56+00:00,ata,b'makan seafood ditemani playlist lagu barat tiktok hits viral 2022'
2022-07-25 12:52:51+00:00,ARJUN),b'RT @SaylorBeatris: bokep indo viral abg mesum sma smp ngentot ngentdfot\n\nCantik Sange Remas Toket Sendiri'
2022-07-25 12:52:41+00:00,ARJUN),"b'RT @RiddellYun: Saat bermain di rumah teman, di kamar mandi\n\nbokep indo abg mesum viral memek colmek'"
2022-07-25 12:52:40+00:00,Nur Sucia,b'RT @MathildaValent6: Video Viral Bokep Indo\n\nVideo full ada di bio profil atau komentar tweet ini\n\nBokepindo bokepviral bokepterbaru abg me\xe2\x80\xa6'
2022-07-25 12:52:35+00:00,ï¸ï¸ ï¸ï¸check pinnedğŸ“Œ|QPOP AND IPOP STAN ğŸ‡°ğŸ‡¿ğŸ¤ğŸ‡®ğŸ‡©,b'@christinaaa7_ harapan kami kami akan semakin ternkenal dan semakin viral semakin banyak nonfans kepincut kami semakin bersyukur whooooo...... \xf0\x9f\x92\x85\xf0\x9f\x8f\xbb\xf0\x9f\x92\x85\xf0\x9f\x8f\xbb\xf0\x9f\x92\x85\xf0\x9f\x8f\xbb\xf0\x9f\x92\x85\xf0\x9f\x8f\xbb\xf0\x9f\x92\x85\xf0\x9f\x8f\xbb\xf0\x9f\x92\x85\xf0\x9f\x8f\xbb\xf0\x9f\x92\x85\xf0\x9f\x8f\xbb \n#ItsAlrightByUN1TY https://t.co/DiII7qqpWG'
2022-07-25 12:52:32+00:00,kang Gendeng,b'RT @LmsAgnes: @Askrlfess Candaan seksual??? Disuruh perkosa kucing dibilang candaan buat viral???? WKWKWKWK \xe2\x80\xa6 itu anaknya sampe meninggal :\xe2\x80\xa6'
2022-07-25 12:52:29+00:00,A-Z ğŸ‡®ğŸ‡©ğŸ‡²ğŸ‡¨ğŸ‡²ğŸ‡¨,"b'RT @AndiSinulingga: Proyek kebanggaan pak Jokowi ini ambruk. Proyek yg menguras APBN, proyek yg dulunya dijanjikan pak Jokowi dibangun tanp\xe2\x80\xa6'"
2022-07-25 12:52:25+00:00,Å„ğŸŒ¼,"b'Esok my birthday baru nak paw mama menate steak, tapi dia ajak member pulak tumpang naik kereta sekali so terkubur la niat. Tp takpe la nak tapau donut viral &amp; air starbuck je la. Utk birthday esok'"
2022-07-25 12:52:13+00:00,-,"b'@sbyfess emang latah bgt, viral dikit ditiruin'"
2022-07-25 12:52:11+00:00,ğŸŒ¸ a r y n ğŸŒ¸,b'ini yg sempet viral di tt bkan sih? https://t.co/I4sX8e7WFU'
2022-07-25 12:52:09+00:00,Lebak Banten Selatan,b'Viral! Oknum Wartawan Razia Kendaraan Plat Merah di Banten https://t.co/SFYbJvYMnx'
2022-07-25 12:52:06+00:00,Ù…Ù…Ù„ÙƒÙ‡ Ø§Ù„Ù†ÙˆØ¯Ø²,b'RT @RoyHous63504078: video cewek viral baju pramuka arachu \n\nViral video skandal chika kepergok open bo di apk michat mesum di hotel Reyhan\xe2\x80\xa6'
2022-07-25 12:52:04+00:00,Ù…Ù…Ù„ÙƒÙ‡ Ø§Ù„Ù†ÙˆØ¯Ø²,b'RT @RoyHous63504078: Ukhti nenenin pacar.\n\nColmek Bokep indo  viral Memek becek'
2022-07-25 12:52:02+00:00,ğŸ‡®ğŸ‡© pawang kadrun ğŸ‡®ğŸ‡©,b'@aries_bintan Ni dibayar negara njing\nhttps://t.co/L7oqekXXKX'
2022-07-25 12:51:56+00:00,mey,"b'@ourespoir Biar viral, wkwkwk'"
2022-07-25 12:51:54+00:00,Bokep Viral,b'Video bokep terbaru \n\nNonton video semi bokep indo barat jepang SMA jilbab Tante mesum viral telegram cek link https://t.co/ZGqvIuhqsS'
2022-07-25 12:51:52+00:00,Ù…Ù…Ù„ÙƒÙ‡ Ø§Ù„Ù†ÙˆØ¯Ø²,b'RT @LeoLars55367408: Main Sama Kakak\n\nbokep indo viral videomesum remajamesum bokepviral'
2022-07-25 12:51:48+00:00,Cinta Laura Kiehl,b'RT @MNCkoranSINDO: Aksi Cinta Laura yang pungut sampah di arena Citayam Fashion Week viral dan tuai pujian\nhttps://t.co/I6Ib6p0GBK'
2022-07-25 12:51:43+00:00,jack,b'RT @bokep__seks: Bokong Semok\n\nbokep indo abg mesum viral memek colmek'
2022-07-25 12:51:41+00:00,Ø¬Ù„ Ø¬ÙˆÙ†,b'RT @LakeishaFairfi1: bokep indo viral abg mesum sma smp ngentot ngentdfot\n\nCantik Sange Remas Toket Sendiri'
2022-07-25 12:51:40+00:00,Joni dep,b'RT @AndyGuz03242830: Video Viral Bokep Indo\n\nVideo full ada di bio profil atau komentar tweet ini\n\nBokepindo bokepviral bokepterbaru abg me\xe2\x80\xa6'
2022-07-25 12:51:39+00:00,detikcom,"b'Elon Musk viral dibicarakan netizen karena isu perselingkuhan dengan istri dari co-founder Google, Sergey Brin. Apa alasan pasangan memilih mendua? https://t.co/y09fvdje3V'"
2022-07-25 12:51:37+00:00,Ù…Ù…Ù„ÙƒÙ‡ Ø§Ù„Ù†ÙˆØ¯Ø²,"b'RT @JamieHa47166438: Enak banget deh kalau punya ceweknya kayak gini , gak ada obenk\n\nbokep indo abg mesum viral'"
2022-07-25 12:51:27+00:00,Ù…Ù…Ù„ÙƒÙ‡ Ø§Ù„Ù†ÙˆØ¯Ø²,b'RT @JamieHa47166438: Letakkan di depan itu mengatakan oh oh oh\n\nbokep indo remaja mesum viral'
2022-07-25 12:51:18+00:00,Global Radio Jakarta,"b'Ia dan sang istri telah membeli sebuah kereta era Victoria di sebuah blok di Romney Marsh, Kent dan menghadap ke salah satu pemandangan air paling terkenal di dunia, the English Channel.\n\n#GlobalRadio #Info #Viral #Update #Trending #EdSheeran'"
2022-07-25 12:51:05+00:00,Marcos Queiroz,b'RT @RayhaanBean12: Bokep indo sma ngewe di gubuk abg mesum vidio bokep memek basah\n\nbokep indo viral videomesum remajamesum bokepviral'
2022-07-25 12:50:36+00:00,ğğ²ğ²ğš,"b'RT @nn_esaz: Nak istiqamah tak mudah.\nBila nampak orang mula nak buat baik,\nJangan menyindir atau perli.\nBelajar lah untuk mendoakan.\nKalau\xe2\x80\xa6'"
2022-07-25 12:50:11+00:00,Siswa Sangee,b'skandal vidio bokep indo viral abg cewek hijab cantik lagi puasin ayang nyepongin kontl dikamar berdua\n~Cek bio profil:@SangeeSiswa \n~Link full vidio cek dibawah kolom komentar\n#SANGE_AAAAAAAAAAHH #chika20jt #chikachat #vcs #VideoViral #TikTok #SANGE_AAAAAAAAAA https://t.co/wZkDSLXQX0'
2022-07-25 12:50:04+00:00,Ardan News,"b'Apa Itu HAKI? Viral karena Fenomena Citayam Fashion Week, Ini Fungsi dan Prosedur Pengajuannya: Banyak pihak mengganggap kedua perusahaan itu tidak berhak mengklaim HAKI untuk CFW lantaran mereka bukan pencipta gelaran tersebut. https://t.co/qwJ6TRH0OT'"
2022-07-25 12:50:02+00:00,Korem 172 pwy,"b'VIRAL SAMPAH DI HOLTEKAMP, KODIM 1701/JAYAPURA RESPONSIF LAKUKAN PEMBERSIHAN\n\nhttps://t.co/LMZAu0Dl2H https://t.co/o88Q1QkIbp'"
2022-07-25 12:50:00+00:00,NOVA,"b'Kini nama Bonge tengah naik daun, tetangga rumahnya di Desa Cilebut Barat, Kabupaten Bogor mengungkap sosok Bonge di mata mereka.\n\nhttps://t.co/Hf84ZfWS3A'"
2022-07-25 12:49:47+00:00,Alergi Dingin,"b'RT @VIVAcoid: Netizen : Alasan Tak Suka Dengan CFW, Membangun Bibit LGBT https://t.co/Go2EHLM9uk https://t.co/bXTH0fgTH0'"
2022-07-25 12:49:32+00:00,ARJUN),b'RT @AinsworthChaya: mengunjungi asrama pacar sepulang sekolah\n\nbokep indo abg mesum viral'
2022-07-25 12:49:27+00:00,indah mesum,b'skandal vidio bokep indo viral abg cewek hijab cantik lagi puasin ayang nyepongin kontl dikamar berdua\n~Cek bio profil:@indahmesum19 \n~Link full vidio cek dibawah kolom komentar\n#SANGE_AAAAAAAAAAHH #chika20jt #chikachat #vcs #VideoViral #TikTok #SANGE_AAAAAAAAAA https://t.co/LV1wrJrC6q'
2022-07-25 12:49:21+00:00,cexs,"b'RT @nakedanne: @Askrlfess Jarang liat Kang Emil speak up soal isu yang lagi viral kayak gini, sekalinya speak up bener bener on point menur\xe2\x80\xa6'"
2022-07-25 12:49:17+00:00,Kharesdriani Vacomia,"b'foto tahun 2018 sebelum CFW viral, foto ala ala the Beatles di Abbey Road, belum kesampean ke Abbey Road, pisces halu dulu lah ya\xf0\x9f\x98\x9c'"
2022-07-25 12:49:04+00:00,PalupiğŸ’šFangirl nyambi Afilator ğŸ’•,"b'RT @myskill_id: GOKIL !\nDari modal awal Rp. 7jt hingga hasilkan omset Rp. 44,7 TRILIUN per tahun\n \nSimak strategi marketing Ice Cream Mixue\xe2\x80\xa6'"
2022-07-25 12:49:02+00:00,woe hahahaha,b'RT @BokepAbgskandal: Bocil smp di kontolin rame-rame\n\n\xf0\x9d\x90\x85\xf0\x9d\x90\xae\xf0\x9d\x90\xa5\xf0\x9d\x90\xa5 \xf0\x9d\x90\xaf\xf0\x9d\x90\xa2\xf0\x9d\x90\x9d\xf0\x9d\x90\x9e\xf0\x9d\x90\xa8\xf0\x9d\x90\xa7\xf0\x9d\x90\xb2\xf0\x9d\x90\x9a \xf0\x9d\x90\xa4\xf0\x9d\x90\xa5\xf0\x9d\x90\xa2\xf0\x9d\x90\xa4= @BokepAbgskandal\n\nTAG: Bokep viral Abg mesum \nColmek Bokepindo Me\xe2\x80\xa6'
2022-07-25 12:48:53+00:00,Sai ğŸ¦Š,"b'RT @Covan_Viden: Maap nih ya sbelumnya, gw numpang nanya krna gw jarang ngikutin artis2 indonesia,  emang ada ya artis yg hancurin karirnya\xe2\x80\xa6'"
2022-07-25 12:48:50+00:00,KUMPULAN MAHASISWA VIRAL,b'skandal vidio bokep indo viral abg cewek hijab cantik lagi puasin ayang nyepongin kontl dikamar berdua\n~Cek bio profil:@viralmahasiwa \n~Link full vidio cek dibawah kolom komentar\n#SANGE_AAAAAAAAAAHH #chika20jt #chikachat #vcs #VideoViral #TikTok #SANGE_AAAAAAAAAA https://t.co/4af4OybAW9'
2022-07-25 12:48:48+00:00,yassr99,b'RT @Daniels_45g57: enak banget di atas \xf0\x9f\xab\xa6\xf0\x9f\x98\x8d\n\nbokep indo abg mesum viral memek colmek'
2022-07-25 12:48:33+00:00,Ayamkampuss,b'skandal vidio bokep indo viral abg cewek hijab cantik lagi puasin ayang nyepongin kontl dikamar berdua\n~Cek bio profil:@Ayamkampuss7 \n~Link full vidio cek dibawah kolom komentar\n#SANGE_AAAAAAAAAAHH #chika20jt #chikachat #vcs #VideoViral #TikTok #SANGE_AAAAAAAAAA https://t.co/smGDKK2jwh'
2022-07-25 12:48:30+00:00,yassr99,b'RT @michelmcbainw: Crot Pejuh Diwajah Pacar\n\nBokep indo viral jilboob hot mesum'
2022-07-25 12:48:15+00:00,Goes Marking,b'RT @Norine10244070: enak banget dapet batang gede yg bisa mentokin ahhh\n\nbokep indo remaja mesum viral'
2022-07-25 12:48:11+00:00,nong nang,b'RT @Dan_6u04: bokep indo viral abg mesum sma smp ngentot ngentdfot\n\nCantik Sange Remas Toket Sendiri'
2022-07-25 12:48:02+00:00,lt's GeğŸ¸ | UN1TY COMEBACK,"b'RT @suci_ar5N: Ada pesan dari secreto, mangats N1Ts! Sekecil apapun effort buat support yun sgt berharga\xe2\x9c\xa8\n\nsemoga cb ini sukses besar, nama\xe2\x80\xa6'"
2022-07-25 12:47:50+00:00,Eskaa,"b'RT @ForMySkinsSake: Akhirnya yang kalian kepoin dan minta full reviewnya karena ini viral banget di IG dan Tiktok, tapi disini masih pada j\xe2\x80\xa6'"
2022-07-25 12:47:49+00:00,PakLekK,b'RT @ferly_norman: @msaid_didu Daeng @msaid_didu.. Remaja yang viral meng Hina dan Ancam Menembak Presiden kemana ya?.. Jadi ingat kasus Om\xe2\x80\xa6'
2022-07-25 12:47:49+00:00,ndah,"b'@eyevollin hahaha good\xf0\x9f\x91\x8d kalau lagunya viral lagi, Titi Kamal harus berterima kasih sama kita wkwk'"
2022-07-25 12:47:39+00:00,Aisyah,"b'@GK_1923 Sak DIY ws do geger, ora mung BM, PSIM, po Jogja Kota thok... Tingkahmu ws viral mergo awakmu gowo2 jeneng jogja...'"
2022-07-25 12:47:30+00:00,ëˆ„ë¥´ â· ğŸŒ¸,b'Donut viral starbuck tu asyik lalu fyp je bila la nk try haih. Tggu turun kl nnt la kot sini takde starbucks'
2022-07-25 12:47:18+00:00,-R-,b'oi kck baju psg away jangan viral dipake biak gai kedak last season please https://t.co/zx67YlMcdJ'
2022-07-25 12:47:17+00:00,yassr99,b'RT @neuschhaws5: oking Cewe Di Hotel\n\nbokep indo abg mesum viral memek colmek'
2022-07-25 12:47:13+00:00,TitÃ©nono KowÃ©! ğŸ‡®ğŸ‡©,b'RT @detikcom: Siapa yang mengenal nenek viral yang ini? Konten yang ia buat sukses menarik perhatian warganet. Konten tersebut dibuat denga\xe2\x80\xa6'
2022-07-25 12:46:41+00:00,Anton Katuang Retang,b'RT @KathyHa54363123: videonya si cantik nih katanya sih artis tiktok yang lagi viral bossku...\n\nbokep indo abg mesum viral'
2022-07-25 12:46:41+00:00,It's Uci ğŸ‘‘,"b'Ada pesan dari secreto, mangats N1Ts! Sekecil apapun effort buat support yun sgt berharga\xe2\x9c\xa8\n\nsemoga cb ini sukses besar, nama un1ty makin dikenal dimana\xc2\xb2, lagunya viral &amp; relate ke semua orang, serta bisa mengantarkan yun ke acara\xc2\xb2 award dan acara bergengsi \xf0\x9f\x98\x87\n\n#ItsAlrightByUN1TY https://t.co/hKSWBnOsC8'"
2022-07-25 12:46:34+00:00,Nandriani__,"b'RT @ForMySkinsSake: Akhirnya yang kalian kepoin dan minta full reviewnya karena ini viral banget di IG dan Tiktok, tapi disini masih pada j\xe2\x80\xa6'"
2022-07-25 12:46:34+00:00,Raja,b'RT @mesum__vidio: apa yang saya butuhkan untuk malam ini\nbokep indo abg mesum viral memek colmek'
2022-07-25 12:46:34+00:00,HotSexy123,b'RT @BreannMaltby: Sc4ndal si cantik ewe \xf0\x9f\x92\xa5\xf0\x9f\x92\xa5\xf0\x9f\x92\xa5\n\nbokep indo remaja mesum viral'
2022-07-25 12:46:29+00:00,Farah Zainudin,"b'RT @nn_esaz: Nak istiqamah tak mudah.\nBila nampak orang mula nak buat baik,\nJangan menyindir atau perli.\nBelajar lah untuk mendoakan.\nKalau\xe2\x80\xa6'"
2022-07-25 12:46:00+00:00,woe hahahaha,b'RT @DewianaDiana: tante toket gede diiket part 1\n\nbokep indo viral videomesum remajamesum bokepviral'
2022-07-25 12:45:58+00:00,setiaji ibrahim,"b'RT @VIVAcoid: Netizen : Alasan Tak Suka Dengan CFW, Membangun Bibit LGBT https://t.co/Go2EHLM9uk https://t.co/bXTH0fgTH0'"
2022-07-25 12:45:56+00:00,y u y o ğŸ£,b'@megseyo Bocil susu juga wajib viral'
2022-07-25 12:45:45+00:00,Rojali bin Rojali,"b'RT @VIVAcoid: Netizen : Alasan Tak Suka Dengan CFW, Membangun Bibit LGBT https://t.co/Go2EHLM9uk https://t.co/bXTH0fgTH0'"
2022-07-25 12:45:35+00:00,mateo,b'RT @DabbsJennette: Skandal Adik Pelajar Indo Terungkap\n\nbokep indo abg mesum viral memek colmek'
